{
  "mindata": [
    100,
    93.8461924,
    94.16501867,
    93.54406845,
    94.19343574,
    90.46309635,
    86.79412914,
    86.34860741,
    84.53222757,
    83.60886148,
    85.05370443,
    83.94115454,
    89.34711125,
    88.53149443,
    93.10839313,
    95.56709529,
    94.44223084,
    93.96324384,
    95.73645503,
    94.87482618,
    95.97682668,
    95.7496234,
    97.43495884,
    92.07685655,
    91.38371102,
    91.11420055,
    92.65736721,
    90.88897115,
    85.97350512,
    89.34489324,
    94.6099956,
    96.24862217,
    96.76179401,
    100.9630495,
    100.6465347,
    100.6251777,
    104.2650312,
    104.2517682,
    104.0313536,
    102.9244054,
    104.7357941,
    104.3659251,
    106.68859,
    106.584192,
    106.111965,
    103.8892291,
    107.2213206,
    105.3708585,
    107.8933813,
    109.2459066,
    110.1041166,
    113.1092722,
    112.7340211,
    113.0850239,
    116.1371285,
    117.6574215,
    120.3542965,
    117.256464,
    117.9648608,
    117.7181417
  ],
  "avgdata": [
    100,
    101.6517552,
    102.8450144,
    104.321985,
    105.6346711,
    107.2991103,
    108.3298004,
    109.2531352,
    110.3749333,
    111.4633282,
    112.6841143,
    113.7239143,
    115.1678567,
    116.2514845,
    117.500895,
    118.5775218,
    119.6493067,
    121.1519419,
    122.4189747,
    123.3634201,
    124.6579461,
    126.148649,
    127.6489775,
    129.093105,
    130.8085034,
    132.2256679,
    133.8040185,
    135.2005579,
    136.3347532,
    137.4341858,
    138.517862,
    139.9626289,
    141.0309827,
    142.2327795,
    143.5437159,
    144.633437,
    145.8403635,
    147.4245309,
    148.5893522,
    150.0602961,
    151.4119706,
    152.2108892,
    153.7088183,
    155.014913,
    155.9389426,
    156.7991674,
    157.7557579,
    158.9773864,
    160.3742477,
    161.5017951,
    162.659253,
    164.1607657,
    165.2260342,
    166.9006775,
    168.6240585,
    170.2485655,
    171.3497853,
    172.5691295,
    173.739511,
    175.2693378
  ],
  "maxdata": [
    100,
    107.5799395,
    111.5391443,
    114.9017181,
    119.604733,
    119.9485823,
    121.2872396,
    124.6926617,
    129.2739991,
    129.2997394,
    131.2155219,
    133.6064529,
    132.4142913,
    137.2938793,
    137.681874,
    139.4268158,
    142.2232676,
    146.0180959,
    146.4707608,
    148.8796518,
    151.1210532,
    153.0830611,
    152.5608703,
    153.8651067,
    157.4310191,
    158.4296984,
    160.4776564,
    164.7104724,
    161.7564015,
    163.7424678,
    169.9333126,
    170.8880879,
    170.9689655,
    175.7963498,
    181.321729,
    182.6797841,
    185.174684,
    187.3085036,
    187.510204,
    192.0231756,
    193.3511281,
    194.0692565,
    195.7086474,
    200.5902504,
    204.4495681,
    202.6665953,
    198.4844401,
    202.8461196,
    202.8757039,
    204.7353567,
    207.7867779,
    212.5676457,
    215.0030853,
    217.4098192,
    219.3449438,
    225.8561437,
    222.8375586,
    224.2528097,
    227.7056395,
    226.8930302
  ]
}